{
  "Link Color" : {
    "Red Component" : 0.023000000044703484,
    "Color Space" : "Calibrated",
    "Blue Component" : 0.67799997329711914,
    "Alpha Component" : 1,
    "Green Component" : 0.27000001072883606
  },
  "Tags" : [

  ],
  "Ansi 12 Color" : {
    "Red Component" : 0.1230885237455368,
    "Color Space" : "Calibrated",
    "Blue Component" : 0.86686086654663086,
    "Alpha Component" : 1,
    "Green Component" : 0.87652444839477539
  },
  "Ansi 7 Color" : {
    "Red Component" : 0.87058824300765991,
    "Color Space" : "Calibrated",
    "Blue Component" : 0.55294120311737061,
    "Alpha Component" : 1,
    "Green Component" : 0.72156864404678345
  },
  "Ansi 8 Color" : {
    "Red Component" : 0.26240253448486328,
    "Color Space" : "Calibrated",
    "Blue Component" : 0.32382625341415405,
    "Alpha Component" : 1,
    "Green Component" : 0.29498502612113953
  },
  "Bold Color" : {
    "Red Component" : 1,
    "Color Space" : "Calibrated",
    "Blue Component" : 0.79812920093536377,
    "Alpha Component" : 1,
    "Green Component" : 0.89531010389328003
  },
  "Ansi 9 Color" : {
    "Red Component" : 0.82166004180908203,
    "Color Space" : "Calibrated",
    "Blue Component" : 0.15489985048770905,
    "Alpha Component" : 1,
    "Green Component" : 0.23747499287128448
  },
  "Horizontal Spacing" : 1,
  "Right Option Key Sends" : 0,
  "Rows" : 80,
  "Default Bookmark" : "No",
  "Cursor Guide Color" : {
    "Red Component" : 0.64999997615814209,
    "Color Space" : "Calibrated",
    "Blue Component" : 1,
    "Alpha Component" : 0.25,
    "Green Component" : 0.9100000262260437
  },
  "Non-ASCII Anti Aliased" : true,
  "Use Bright Bold" : true,
  "Ansi 10 Color" : {
    "Red Component" : 0.26166653633117676,
    "Color Space" : "Calibrated",
    "Blue Component" : 0.30064761638641357,
    "Alpha Component" : 1,
    "Green Component" : 0.82198387384414673
  },
  "Prevent Opening in a Tab" : false,
  "Ambiguous Double Width" : false,
  "Jobs to Ignore" : [
    "rlogin",
    "ssh",
    "slogin",
    "telnet"
  ],
  "Ansi 15 Color" : {
    "Red Component" : 0.99757575988769531,
    "Color Space" : "Calibrated",
    "Blue Component" : 0.80732721090316772,
    "Alpha Component" : 1,
    "Green Component" : 0.89301812648773193
  },
  "Foreground Color" : {
    "Red Component" : 0.90900665521621704,
    "Color Space" : "Calibrated",
    "Blue Component" : 0.73337537050247192,
    "Alpha Component" : 1,
    "Green Component" : 0.8282541036605835
  },
  "Bound Hosts" : [

  ],
  "Working Directory" : "\/Users\/ngductoan",
  "Blinking Cursor" : true,
  "Disable Window Resizing" : true,
  "Sync Title" : true,
  "Prompt Before Closing 2" : false,
  "BM Growl" : true,
  "Command" : "",
  "Description" : "Default",
  "Mouse Reporting" : true,
  "Screen" : -1,
  "Selection Color" : {
    "Red Component" : 0.11852433532476425,
    "Color Space" : "Calibrated",
    "Blue Component" : 0.38610196113586426,
    "Alpha Component" : 1,
    "Green Component" : 0.28443798422813416
  },
  "Only The Default BG Color Uses Transparency" : false,
  "Columns" : 250,
  "Idle Code" : 0,
  "Ansi 13 Color" : {
    "Red Component" : 0.41980117559432983,
    "Color Space" : "Calibrated",
    "Blue Component" : 0.81508451700210571,
    "Alpha Component" : 1,
    "Green Component" : 0.72341841459274292
  },
  "Custom Command" : "No",
  "ASCII Anti Aliased" : true,
  "Non Ascii Font" : "Monaco 12",
  "Vertical Spacing" : 1,
  "Use Bold Font" : true,
  "Option Key Sends" : 0,
  "Selected Text Color" : {
    "Red Component" : 0.99757575988769531,
    "Color Space" : "Calibrated",
    "Blue Component" : 0.80732721090316772,
    "Alpha Component" : 1,
    "Green Component" : 0.89301812648773193
  },
  "Background Color" : {
    "Red Component" : 0.03413674607872963,
    "Color Space" : "Calibrated",
    "Blue Component" : 0.10503887385129929,
    "Alpha Component" : 1,
    "Green Component" : 0.078017577528953552
  },
  "Character Encoding" : 4,
  "Ansi 11 Color" : {
    "Red Component" : 0.99224758148193359,
    "Color Space" : "Calibrated",
    "Blue Component" : 0.62336814403533936,
    "Alpha Component" : 1,
    "Green Component" : 0.8256371021270752
  },
  "Use Italic Font" : true,
  "Unlimited Scrollback" : false,
  "Keyboard Map" : {
    "0xf700-0x260000" : {
      "Text" : "[1;6A",
      "Action" : 10
    },
    "0x37-0x40000" : {
      "Text" : "0x1f",
      "Action" : 11
    },
    "0x32-0x40000" : {
      "Text" : "0x00",
      "Action" : 11
    },
    "0xf709-0x20000" : {
      "Text" : "[17;2~",
      "Action" : 10
    },
    "0xf70c-0x20000" : {
      "Text" : "[20;2~",
      "Action" : 10
    },
    "0xf729-0x20000" : {
      "Text" : "[1;2H",
      "Action" : 10
    },
    "0xf72b-0x40000" : {
      "Text" : "[1;5F",
      "Action" : 10
    },
    "0xf705-0x20000" : {
      "Text" : "[1;2Q",
      "Action" : 10
    },
    "0xf703-0x260000" : {
      "Text" : "[1;6C",
      "Action" : 10
    },
    "0xf700-0x220000" : {
      "Text" : "[1;2A",
      "Action" : 10
    },
    "0xf701-0x280000" : {
      "Text" : "0x1b 0x1b 0x5b 0x42",
      "Action" : 11
    },
    "0x38-0x40000" : {
      "Text" : "0x7f",
      "Action" : 11
    },
    "0x33-0x40000" : {
      "Text" : "0x1b",
      "Action" : 11
    },
    "0xf703-0x220000" : {
      "Text" : "[1;2C",
      "Action" : 10
    },
    "0xf701-0x240000" : {
      "Text" : "[1;5B",
      "Action" : 10
    },
    "0xf70d-0x20000" : {
      "Text" : "[21;2~",
      "Action" : 10
    },
    "0xf702-0x260000" : {
      "Text" : "[1;6D",
      "Action" : 10
    },
    "0xf729-0x40000" : {
      "Text" : "[1;5H",
      "Action" : 10
    },
    "0xf706-0x20000" : {
      "Text" : "[1;2R",
      "Action" : 10
    },
    "0x34-0x40000" : {
      "Text" : "0x1c",
      "Action" : 11
    },
    "0xf700-0x280000" : {
      "Text" : "0x1b 0x1b 0x5b 0x41",
      "Action" : 11
    },
    "0x2d-0x40000" : {
      "Text" : "0x1f",
      "Action" : 11
    },
    "0xf70e-0x20000" : {
      "Text" : "[23;2~",
      "Action" : 10
    },
    "0xf702-0x220000" : {
      "Text" : "[1;2D",
      "Action" : 10
    },
    "0xf703-0x280000" : {
      "Text" : "0x1b 0x1b 0x5b 0x43",
      "Action" : 11
    },
    "0xf700-0x240000" : {
      "Text" : "[1;5A",
      "Action" : 10
    },
    "0xf707-0x20000" : {
      "Text" : "[1;2S",
      "Action" : 10
    },
    "0xf70a-0x20000" : {
      "Text" : "[18;2~",
      "Action" : 10
    },
    "0x35-0x40000" : {
      "Text" : "0x1d",
      "Action" : 11
    },
    "0xf70f-0x20000" : {
      "Text" : "[24;2~",
      "Action" : 10
    },
    "0xf703-0x240000" : {
      "Text" : "[1;5C",
      "Action" : 10
    },
    "0xf701-0x260000" : {
      "Text" : "[1;6B",
      "Action" : 10
    },
    "0xf702-0x280000" : {
      "Text" : "0x1b 0x1b 0x5b 0x44",
      "Action" : 11
    },
    "0xf72b-0x20000" : {
      "Text" : "[1;2F",
      "Action" : 10
    },
    "0x36-0x40000" : {
      "Text" : "0x1e",
      "Action" : 11
    },
    "0xf708-0x20000" : {
      "Text" : "[15;2~",
      "Action" : 10
    },
    "0xf701-0x220000" : {
      "Text" : "[1;2B",
      "Action" : 10
    },
    "0xf70b-0x20000" : {
      "Text" : "[19;2~",
      "Action" : 10
    },
    "0xf702-0x240000" : {
      "Text" : "[1;5D",
      "Action" : 10
    },
    "0xf704-0x20000" : {
      "Text" : "[1;2P",
      "Action" : 10
    }
  },
  "Window Type" : 0,
  "Blur Radius" : 4.6281249999999989,
  "Background Image Location" : "",
  "Blur" : true,
  "Badge Color" : {
    "Red Component" : 1,
    "Color Space" : "Calibrated",
    "Blue Component" : 0,
    "Alpha Component" : 0.5,
    "Green Component" : 0
  },
  "Scrollback Lines" : 1000,
  "Send Code When Idle" : false,
  "Close Sessions On End" : true,
  "Terminal Type" : "xterm-256color",
  "Visual Bell" : true,
  "Flashing Bell" : false,
  "Silence Bell" : false,
  "Ansi 14 Color" : {
    "Red Component" : 0.22766636312007904,
    "Color Space" : "Calibrated",